Neville,Janot
Udale,Aloysia
Essie,Sharlene
Vitoria,Claudia
Bayard,Jeni
Kalila,Mindy
Locke,Leonanie
Clio,Atalanta
Staffard,Lilah
Keith,Chelsae
Chuck,Arlyne
Dena,Corie
Nefen,Opaline
Clemence,Shanna
Fenelia,Juanita
Marie,Sonni
Desiree,Pamelina
Iorgo,Leonore
Jeralee,Pammy
Alysa,Jan
Stacy,Gilberta
Isahella,Fulvia
Irvine,Renee
Ivan,Judith
Lewes,Gilli
Albina,Astrix
Henrik,Noelyn
Conrado,Marianne
Antonius,Roslyn
Halimeda,Dyann
Noll,Rasla
Stanley,Jeanne
Dalton,Petronia
Claribel,Rosaline
Cal,Elfrieda
Leelah,Gui
Padriac,Veronica
Joni,Idette
Kenneth,Olympia
Cilka,Tildi
Carlotta,Minnie
Cordelia,Lona
Mela,Bonnee
Renato,Pauli
Peggy,Tyne
Abbie,Sephira
Sue,Kesley
Millisent,Donna
Ryley,Talya
Cassandre,Lian
Darda,Darla
Edie,Aurelia
Victoria,Druci
Kat,Amandi
Kelsi,Mona
Hastings,Amandy
Jaquenette,Charmane
Benedikta,Carmella
Amelie,Fran
Micky,Elbertine
Leanna,Meryl
Caspar,Sherie
Tate,Frederique
Greggory,Claire
Audie,Tally
Gal,Sharon
Udale,Bettine
Banky,Marcelline
Duff,Genovera
Way,Adrianne
Ronnie,Myrna
Letta,Rachel
Callie,Carry
Tyrone,Zara
Kahlil,Brunhilde
Giorgi,Alisun
Roberto,Wilmette
Georgina,Taryn
Andrea,Audra
Jeanie,Danika
Damaris,Vanessa
Drusilla,Doro
Klaus,Austine
Celina,Sybil
Stafford,Melly
Marion,Moyra
Chane,Glad
Leonanie,Sadie
Oswell,Janella
Cchaddie,Leena
Gates,De
Bev,Fina
Ev,Lindie
Leesa,Nikolia
Korie,Roselia
Kinsley,Winnah
Bjorn,Maighdiln
Ina,Josie
Charissa,Terra
Elton,Erika
Gilbertina,Harriette
Gerome,Florance
Aggy,Hettie
Delmore,Debera
Georg,Odille
Maisey,Roobbie
Sheba,Ashil
Lelia,Binni
Geri,Mozelle
Taffy,Jolynn
Saw,Odella
Myrtice,Bambie
Jenelle,Lucy
Travers,Bari
Martin,Malinda
Dede,Willa
Christian,Page
Kessia,Melba
Bale,Olympe
Ilario,Lucy
Bart,Ermina
Rosabella,Kerrin
Rouvin,Jody
Scarlett,Joanne
Ira,Vivyan
Hasheem,Catherina
Zora,Ava
Joelynn,Frances
Andrei,Leyla
Fields,Ruperta
Jessa,Danita
Merci,Andreana
Curry,Liliane
Amil,Jobie
Pancho,Laural
Wittie,Devi
Hanni,Elladine
Carrie,Marianna
Genevieve,Glenine
Lesley,Marlane
Nike,Malina
Golda,Kippie
Rowney,Amberly
Pepe,Dinnie
Yankee,Guillemette
Margalit,Edee
Jimmie,Roda
Kelby,Sibley
Georgena,Nerty
Geoffrey,Brear
Michele,Gayle
Towney,Joycelin
Xylia,Bili
Rici,Carissa
Morey,Carmencita
Erasmus,Grissel
Alanna,Aimee
Rianon,Corabella
Damita,Alys
Steffane,Allissa
Land,Nyssa
Goober,Randi
Rozina,Adela
Sissy,Nedi
Farica,Marita
Winonah,Avie
Randy,Hildagard
Melvyn,Stephannie
Nappie,Tim
Luce,Maggie
Lu,Amandy
Giulietta,Celestine
Syd,Asia
Genni,Madelina
Der,Madella
Raoul,Brynn
Artemas,Manon
Derril,Edin
Margalo,Lynea
Stevy,Annmaria
Weston,Mercedes
Kerrin,Grier
Tore,Etty
Bella,Desiri
Sky,Shandy
Luisa,Alla
Sharia,Layla
Mildrid,Jocelin
Doretta,Mel
Jacquelyn,Karrah
Reggie,Stefanie
Dorthy,Liuka
Elwira,Mag
Drona,Emogene
Rozelle,Adara
Yorgos,Samara
Shana,Sibella
Mattie,Mary
Evangelina,Jasmine
Brendon,Vinita
Jazmin,Corinna
Jorry,Odilia
Bradney,Gus
Nissa,Sabine
Thaine,Gerry
Alexei,Kynthia
Mahmud,Gus
Anabel,Melonie
Marylinda,Jessie
Franklyn,Lilly
Hestia,Una
Harrie,Esme
Tadeo,Cherice
Augustine,Josefina
Tremain,Auroora
Marji,Leann
Roseanna,Darbie
Nessy,Helen-elizabeth
Elspeth,Eveleen
Meredithe,Andromache
Violet,Codi
Frants,Vita
Kellie,Gillian
Helen-elizabeth,Cacilia
Muhammad,Cammy
Edie,Brittany
Orlan,Rona
Brad,Tracie
Leopold,Reina
Marcos,Kordula
Gertrud,Eydie
Garrett,Ilise
Victoir,Leanna
Gusti,Marrissa
Peri,Perle
Carlynn,Milena
Alfie,Sibylla
Peyter,Lonni
Karlyn,Doralin
Misti,Janet
Nichole,Ottilie
Morley,Emyle
Aldrich,Kalina
Marylinda,Juline
Galvin,Aubrette
Bearnard,Allsun
Stevy,Alli
Ivett,Felice
Reinhold,Kalie
Sande,Brenn
Gretel,Calypso
Tanya,Kelcey
Genevra,Pammie
Rosy,Koralle
Adelind,Rosalyn
Louise,Riki
Cris,Lynna
Hendrik,Lorrayne
Atlanta,Kari
Lilllie,Netta
Nikolos,Mirabelle
Bethany,Elmira
Penny,Karola
Trueman,Layne
Tito,Winnah
Windham,Clair
Bendicty,Claude
Aymer,Andy
Anita,Sharla
Rhys,Krysta
Anatollo,Annalise
Dorena,Tove
Jess,Junia
Esma,Linell
Hughie,Darda
Dosi,Carolin
Kaela,Ted
Reynard,Alyda
Durward,Mariana
Godiva,Theodosia
Sydney,Tally
Shannen,Vernice
Kelila,Sissie
Octavius,Tabina
Chrystel,Melonie
Tamera,Adelice
Lydie,Kara-lynn
Nikos,Donelle
Cosme,Ardelle
Flossy,Joey
Meghann,Brunhilda
Dulcine,Selena
Benetta,Liz
Milena,Jania
Tracie,Eve
Karon,Mallory
Gladys,Olivie
Kaylil,Marcela
Dyann,Avril
Cooper,Catherin
Markos,Ashleigh
Wilmar,Tedra
Lane,Catha
Terrie,Celle
Mellicent,Anne-marie
Eliot,Katusha
Lewes,Dulcea
Isiahi,Myrtie
Babette,Penny
Ansel,Constantia
Randi,Sarine
Jessa,Mary
Darcey,Jodie
Tildie,Jan
Radcliffe,Madeleine
Morissa,Catherine
Bella,Robinet
Lexi,Ericha
Alex,Leonora
Nikki,Shantee
Gretta,Wini
Elsbeth,Georgina
Samuel,Winona
Mellicent,Katleen
Carleen,Windy
Toiboid,Vin
Neron,Pearla
Janelle,Alfi
Jacki,Cori
Kaitlynn,Lisa
Donella,Eadith
Gamaliel,Zorah
Anthea,Kenna
Kellen,Coral
Jessi,Ardisj
Callida,Bertine
Tobe,Shoshanna
Doroteya,Toby
Shani,Frances
Storm,Melisa
Noam,Kimbra
Lucio,Kathy
Joella,Virginia
Meg,Jolyn
Devonne,Bill
Estella,Joyous
Hayyim,George
Gisela,Linnet
Gertrude,Danice
Shena,Ardenia
Imojean,Nyssa
Boot,Jermaine
Eileen,Prudence
Ericha,Julee
Shanie,Annelise
Morgan,Hatti
Johann,Kizzie
Pinchas,Charisse
Gabriellia,Eugenia
Leeland,Chris
Clerissa,Nelie
Karoly,Flori
Pip,Anabelle
Clementine,Ricky
Alana,Bettina
Pamelina,Rubia
Nolana,Jannelle
Cornelius,Karee
Desmond,Rosemary
Shaw,Monah
Vikky,Angelika
Clarette,Lonee
Marilyn,Dana
Kaylil,Devi
Cristy,Willamina
Marcelle,Cherice
Louie,Rubetta
Othilia,Margarete
Issie,Tallou
Sharleen,Stephanie
Rosanna,Corny
Smitty,Kelcey
Josias,Anestassia
Leshia,Arabella
Hamel,Vivienne
Rafi,Sallyanne
Maddalena,Amy
Jasen,Antonetta
Gerrie,Carina
Thea,Joan
Cissiee,Teddi
Gilemette,Cinnamon
Muffin,Carmina
Titus,Adele
Virgilio,Engracia
Nichole,Marge
Herbie,Renie
Tildi,Paulina
Karrah,Phillie
Vida,Krystal
Phineas,Hedvig
Kynthia,Dix
Ban,Lelia
Benton,Gena
Carena,Abra
Rois,Catlaina
Dinah,Charleen
Lilyan,Edyth
Ashbey,Loralee
Nathanial,Florencia
Camila,Valene
Vernice,Jerrylee
Renaud,Anna-maria
Nicky,Kristi
Yoshi,Bellina
Aldus,Kippy
Lulita,Minnaminnie
Sandy,Bernadene
Rabbi,Tommie
Edy,Star
Emery,Dacie
Odetta,Marita
Heywood,Gert
Pinchas,Veronike
Nathanil,Lori
Brandise,Phyllis
Tyson,Devon
Daren,Evaleen
Malchy,Viv
Kathe,Hildegaard
Zak,Constantine
Melony,Kali
Geralda,Juliet
Dulcea,Joycelin
Casandra,Vivian
Jessamyn,Cristin
Sidoney,Yasmin
Dennie,Janeczka
Benjy,Eran
Kirby,Gayel
Erwin,Lucina
Leoline,Tonya
Helga,Marne
Arabela,Norri
Maximilianus,Christyna
Alexio,Ursuline
Anallese,Karlotte
Roger,Phyllis
Emelda,Othella
Bendite,Elga
Cordell,Floris
Reeva,Daniella
Gael,Afton
Melisa,Kiley
Karlene,Almire
Lelah,Corry
Hedvige,Eyde
Oliver,Ortensia
Becki,Minne
Betty,Kathryne
Joann,Eirena
Amalea,Elaina
Elfrieda,Danila
Billy,Gavra
Charity,Karola
Pippy,Lindie
Ronald,Blinnie
Andrei,Ethyl
Con,Albina
Persis,Deva
Taryn,Donni
Bron,Theresa
Olag,Marcelia
Charo,Farah
Gaye,Margie
Bonnibelle,Krystle
Ingrim,Kirby
Linet,Janella
Harriot,Karmen
Tamqrah,Dollie
Nata,Emlyn
Devon,Marcia
Lulu,Selma
Shandeigh,Philomena
Marcia,Jorey
Jaquelyn,Mabel
Tiffany,Wilow
Christyna,Nonna
Joel,Eddi
Bride,Marsha
Allx,Cristy
Aurelia,Robyn
Neil,Eulalie
Griffy,Anetta
Ruben,Reba
Malanie,Winifred
Ford,Janet
Rustin,Jillayne
Jacques,Melissa
Kinsley,Starlin
Elsey,Katya
Ingamar,Chelsea
Reagen,Janeczka
Hali,Cherye
Lorene,Glynis
Sher,Maribeth
Emili,Codie
Ilario,Emmeline
Giuditta,Celine
Kitty,Laura
Birdie,Danyette
Gus,Caresa
Parker,Perle
Derk,Zaneta
Prince,Yevette
Brennen,Selma
Salvador,Joanie
Rickey,Alida
Berrie,Halimeda
Burtie,Eba
Camellia,Elora
Karylin,Muire
Reggie,Fania
Angelico,Sara
Lilyan,Carey
Whit,Nikki
Mufi,Florella
Esra,Aggi
Georgeta,Kelsi
Sharona,Aaren
Shelley,Hephzibah
Natty,Tobey
Colene,Viola
Krista,Patsy
Idalia,Justinn
Nikkie,Atlante
Collin,Helga
Orrin,Prissie
Miriam,Doretta
Adrianne,Cosette
Ranee,Vonni
Bryna,Wylma
Gwyn,Celie
Jakie,Trix
Gabriella,Charlena
Archibaldo,Cherin
Hewett,Dulcie
Willard,Addy
Mikael,Alyson
Rolf,Carole
Alfy,Tamarah
Veriee,Jacquelin
Gladi,Millisent
Lamond,Loria
Ertha,Sofie
Felicity,Adiana
Arda,Annabella
Myrtie,Mabelle
Marcela,Andie
Evelyn,Hollie
Foster,Anjanette
Ilka,Faustina
Vance,Colline
Baron,Gizela
Hastie,Amelita
Alfonse,Sela
Dale,Ameline
Deeyn,Prudi
Wilbur,Desiri
Bernita,Sam
Marcellus,Sophie
Rowe,Lotta
Kissiah,Mina
Davy,Wallie
Loreen,Jsandye
Taffy,Caril
Peder,Sadella
Sherlock,Aigneis
Ladonna,Tansy
Marilee,Wenonah
Bernette,Priscilla
Neale,Gerda
Afton,Cristy
Dana,Joice
Cazzie,Arlyn
De witt,Ruthann
Augy,Malinda
Isahella,Billi
Nigel,Angela
Abbot,Krissie
Angil,Lorrin
Lanny,Alisun
Jen,Misty
Papagena,Tisha
Mara,Star
Thorvald,Bethany
Byran,Charmain
Maurizia,Danni
Deidre,Kalinda
Billye,Kipp
Randi,Reena
Farrand,Catrina
Velvet,Shanie
Cornelia,Jacquelyn
Olimpia,Fran
Adriana,Modesta
Raphael,Harriett
Nickie,Rahal
Lemuel,Trudy
Zerk,Tessy
Curt,Noella
Stephan,Lilah
Glenine,Lilas
Jocelyne,Beatriz
Denney,Alyss
Renae,Tonia
Juline,Jacqueline
Adrien,Tamiko
Markos,Binnie
Bettina,Dulcine
Christie,Vallie
Jandy,Aviva
Jillene,Codi
Sterne,Twila
Gwenni,Wenonah
Brendan,Karyl
Anders,Farrand
Vidovik,Cordula
Timi,Marnie
Garv,Cari
Jacquie,Christal
Fitz,Krissy
Meredith,Justine
Teddie,Grier
Diahann,Cissiee
Christopher,Stephanie
Brinn,Rosemarie
Augustine,Kirsti
Luella,Winnah
Carlie,Clo
Carroll,Gilli
Tymon,Annabell
Rita,Margalit
Eben,Aurore
Rutter,Tessa
Brewer,Deirdre
Alfie,Lory
Hanson,Melisse
Jessica,Evangelin
Sela,Chrysler
Bridgette,Mamie
Fallon,Mirabelle
Bertine,Vernice
Guthry,Bobby
Lena,Vilhelmina
Mirilla,Moselle
Fancy,Cami
Graham,Alice
Prudy,Brear
Jamaal,Hortensia
Felicle,Maggi
Cybil,Cass
Sullivan,Casie
Conney,Daffy
Patty,Isabelita
Giacinta,Marnia
Mada,Jeannine
Zerk,Clarine
Ode,Babette
Zeke,Ardyth
Ddene,Nananne
Kalli,Rey
Idelle,Vyky
Maria,Cleopatra
Bernardina,Aimil
Berton,Cinnamon
Guillemette,Babbette
Phip,Elsinore
Lise,Sheelagh
Yalonda,Devon
Cindy,Audrie
Georgeanna,Isabella
Sidney,Amelia
Ferris,Nola
Cari,Rana
Kristoforo,Alane
Starlin,Darlene
Corenda,Gray
Sibylla,Constantina
Alexei,Yasmin
Titus,Lenee
Erastus,Riva
Hymie,Lynnea
Delmer,Christalle
Benedicta,Cesya
Dwayne,Sib
Tally,Kelcie
Sibyl,Billye
Irvin,Emmalee
Bendicty,Birdie
Regen,Kellie
Beverie,Jeanne
Nikolia,Patricia
Kerri,Donica
Hetty,Heath
Perri,Kassie
Kipper,Janifer
Matthiew,Cori
Kele,Annabela
Tiff,Winifred
Brewer,Bryna
Carson,Deloris
Amity,Sibel
Collette,Mabelle
Bearnard,Anabelle
Lorene,Myrna
Kiah,Melli
Lenka,Tamar
Thatch,Nessi
Stephanus,Theadora
Clayson,Lilla
Travis,Nonna
Modestine,Sybyl
Baxter,Nanny
Petronia,Jobey
Prudi,Diane
Vickie,Marlena
Stavro,Marquita
Jennie,Irma
Bel,Pierrette
Alanson,Lisetta
Merle,Carlene
Kingsley,Jori
Barry,Pearle
Ignatius,Ottilie
Jeffy,Babara
Bev,Barbaraanne
Ania,Marice
Pavel,Harlene
Raquela,Babette
Mollee,Rani
Linnet,Becca
Tarrah,Dierdre
Jessey,Rina
Oralie,Melantha
Brynne,Tommy
Salem,Cissy
Harlin,Amara
Obediah,Lu
Kory,Ania
Eustacia,Daron
Nataniel,Franni
Prentiss,Adelice
Teri,Kelci
Lodovico,Ardys
Dun,Ethelyn
Feliza,Janna
Ephraim,Amaleta
Faythe,Marigold
Jack,Audry
Pearline,Sharia
Daffy,Beatrisa
Wendye,Rickie
Willa,Dani
Alberik,Bunny
Marne,Grissel
Gayle,Dorella
Seline,Nora
Joelle,Vania
Celie,Thomasine
Vaughan,Debera
Arther,Jori
Latrina,Nedda
Terrel,Franny
Vicki,Siana
Editha,Venita
Kassie,Aubine
Codi,Roselle
Margarethe,Gilberte
Toby,Candice
Archy,Bria
Miranda,Matelda
Deane,Alanna
Trey,Gus
Eileen,Karil
Car,Oralia
Kaspar,Sonni
Cassandry,Greta
Doloritas,Dolly
Gaylord,Claudia
Verine,Euphemia
Merrile,Benedetta
Gill,Zola
Gerrilee,Dinnie
Bertrando,Korney
Wilona,Lanni
Zia,Henrie
Ginnifer,Lee
Eolanda,Evvie
Livvie,Noelani
Shem,Rosaleen
Carmina,Marian
Harry,Irene
Wainwright,Koral
Seth,Sileas
Tawnya,Laurene
Lindsay,Rennie
Bartie,Idaline
Claribel,Morganne
Riva,Genny
Rowney,Binny
Malorie,Barbette
Devland,Michaela
Tracy,Stesha
Cyndie,Yolane
Martynne,Carlye
Lev,Devon
Sophie,Katheryn
Cece,Daune
Rhoda,Albertina
Giorgi,Elane
Doe,Katharina
Emlyn,Damaris
Ephraim,Chrysler
Dugald,Minta
Heath,Jammie
Bax,Phillida
Jeniffer,Georgeanne
Michaelina,Daron
Darb,Evonne
Kim,Ailyn
Spenser,Jessy
Fanni,Damita
Laural,Annalee
Zitella,Katha
Norman,Emma
Myrtice,Leola
Jonah,Cybill
Doralynn,Kylynn
Kristofor,Kelila
Ahmad,Glenna
Nev,Hazel
Siana,Zaria
Smith,Daryn
Doug,Rhodie
Baudoin,Melosa
Hinda,Tansy
Rosalia,Orel
Federico,Deeann
Nappie,Benedikta
Koren,Doloritas
Isak,Joanna
Prinz,Poppy
Joycelin,Nancey
Oralle,Marybelle
Gisela,Erin
Isabelita,Ardella
Nonie,Ellyn
Dahlia,Josee
Erina,Lexi
Marris,Lorri
Ginnifer,Elsey
Flossi,Wilhelmina
Sansone,Meredithe
Tybie,Cyndia
Jaimie,Lonnie
Ab,Sarah
Constantina,Nerissa
Chance,Delinda
Morgen,Sapphire
Nichol,Rochella
Jasen,Veronique
Raleigh,Noemi
Geri,Asia
Shirl,Dani
Lanie,Selena
Kristi,Jan
Genvieve,Dee
Marcellina,Loni
Damien,Dix
Alexandre,Caren
Vonnie,Charmaine
Malynda,Sayre
Scot,Stormi
Berty,Tim
Gunter,Cybil
Robb,Arda
Vanny,Timothea
Beryle,Eran
Arden,Joyous
Maude,Alicia
Felisha,Dione
Caritta,Dniren
Micheal,Ali
Ameline,Matilde
Gottfried,Fleur
Merilee,Annora
Desiree,Lizbeth
Constancy,Miriam
Marcus,Roz
Clemmie,Gilbertina
Jillie,Randee
Granville,Jorrie
Moyna,Loree
Isac,Tammi
Faythe,Lorenza
Nathanial,Salaidh
Randal,Ariadne
Taylor,Krissie
Natty,Brina
Steffi,Tamarra
Tybalt,Vanna
Nichole,Clerissa
Arin,Gnni
Gabriel,Sascha
Bobbi,Doro
Kennedy,Cherianne
Amity,Shandy
Brigham,Sofia
Kurtis,Rachel
Corabel,Kacey
Reggi,Nicolina
Laurens,Mara
Jakie,Marlie
Raeann,Del
Warden,Gilberta
Margi,Kaylyn
Kermie,Doe
Philippa,Ailis
Kathryn,Corina
Brannon,Saundra
Charis,Gabriel
Keane,Dorris
Haze,Binni
Celestia,Binnie
Betsy,Kelsey
Brier,Shandeigh
Lisabeth,Minette
Helenka,Aretha
Webster,Melessa
Felipe,Barbe
Malachi,Corabel
Kath,Irina
Joby,Samantha
Kitty,Tuesday
Reeba,Sallee
Horatius,Melly
Leif,Kathrine
Arman,Petronille
Joline,Lorilee
Abagael,Rosamond
Lorry,Dre
Idalina,Annabella
Randi,Sibylla
Ginger,Nelia
Nesta,Danyelle
Sherlock,Marris
Blayne,Ree
Nikolos,Kelci
Philippa,Marena
Glenn,Sigrid
Emmye,Dannie
Carlin,Emmye
Margit,Dorris
Banky,Allissa
Drucy,Carmita
Engracia,Estella
Ivor,Amber
Meggy,Joleen
Roderigo,Ronalda
Hewet,Fey
Claire,Lethia
Pen,Janel
Enrichetta,Stacy
Geoffrey,Kore
Tamiko,Evita
Rosamund,Rafaelia
Janel,Marian
Doris,Charin
Jannel,Ynez
Elsbeth,Dorena
Grove,Olivie
Milo,Dacey
Bevvy,Gael
Aimee,Sean
Miles,Anabelle
Vanna,Pavia
Hermann,Stacy
Lorne,Allis
Ernst,Katerina
Phylis,Sheila-kathryn
Germayne,Helaina
Caresse,Trude
Luther,Lyndsey
Ina,Jemmy
Joellen,Shir
Rori,Lacie
Janna,Danny
Dacie,Corenda
Kailey,Joni